id,x,y
1,24.758669,46.754498
2,21.770046,39.219084
3,21.444075,39.28989
4,24.704293,46.83644